<?xml version="1.0" encoding="UTF-8" ?>
<!DOCTYPE score-partwise PUBLIC '-//Recordare//DTD MusicXML 2.0 Partwise//EN' 'http://www.musicxml.org/dtds/2.0/partwise.dtd'>
<score-partwise version="2.0">
 <identification>
  <encoding>
   <encoding-date>2021-08-31</encoding-date>
   <software>Guitar Pro 7.5.2</software>
  </encoding>
 </identification>
 <defaults>
  <scaling>
   <millimeters>6.4</millimeters>
   <tenths>40</tenths>
  </scaling>
  <page-layout>
   <page-height>1850</page-height>
   <page-width>1310</page-width>
  </page-layout>
 </defaults>
 <part-list>
  <score-part id="P1">
   <part-name>Steel Guitar</part-name>
   <part-abbreviation>s.guit.</part-abbreviation>
   <midi-instrument id="P1">
    <midi-channel>1</midi-channel>
    <midi-bank>1</midi-bank>
    <midi-program>26</midi-program>
    <volume>80</volume>
    <pan>0</pan>
   </midi-instrument>
  </score-part>
 </part-list>
 <part id="P1">
  <measure number="1">
   <attributes>
    <divisions>4</divisions>
    <key>
     <fifths>0</fifths>
     <mode>major</mode>
    </key>
    <time>
     <beats>4</beats>
     <beat-type>4</beat-type>
    </time>
    <staves>2</staves>
    <clef number="1">
     <sign>G</sign>
     <line>2</line>
    </clef>
    <clef number="2">
     <sign>TAB</sign>
     <line>5</line>
    </clef>
    <staff-details number="1">
     <staff-tuning line="1">
      <tuning-step>E</tuning-step>
      <tuning-octave>2</tuning-octave>
     </staff-tuning>
     <staff-tuning line="2">
      <tuning-step>A</tuning-step>
      <tuning-octave>2</tuning-octave>
     </staff-tuning>
     <staff-tuning line="3">
      <tuning-step>D</tuning-step>
      <tuning-octave>3</tuning-octave>
     </staff-tuning>
     <staff-tuning line="4">
      <tuning-step>G</tuning-step>
      <tuning-octave>3</tuning-octave>
     </staff-tuning>
     <staff-tuning line="5">
      <tuning-step>B</tuning-step>
      <tuning-octave>3</tuning-octave>
     </staff-tuning>
     <staff-tuning line="6">
      <tuning-step>E</tuning-step>
      <tuning-octave>4</tuning-octave>
     </staff-tuning>
    </staff-details>
    <staff-details number="2">
     <staff-lines>6</staff-lines>
     <staff-tuning line="1">
      <tuning-step>E</tuning-step>
      <tuning-octave>2</tuning-octave>
     </staff-tuning>
     <staff-tuning line="2">
      <tuning-step>A</tuning-step>
      <tuning-octave>2</tuning-octave>
     </staff-tuning>
     <staff-tuning line="3">
      <tuning-step>D</tuning-step>
      <tuning-octave>3</tuning-octave>
     </staff-tuning>
     <staff-tuning line="4">
      <tuning-step>G</tuning-step>
      <tuning-octave>3</tuning-octave>
     </staff-tuning>
     <staff-tuning line="5">
      <tuning-step>B</tuning-step>
      <tuning-octave>3</tuning-octave>
     </staff-tuning>
     <staff-tuning line="6">
      <tuning-step>E</tuning-step>
      <tuning-octave>4</tuning-octave>
     </staff-tuning>
    </staff-details>
    <transpose number="1">
     <diatonic>0</diatonic>
     <chromatic>0</chromatic>
     <octave-change>-1</octave-change>
    </transpose>
   </attributes>
   <direction directive="yes">
    <direction-type>
     <metronome default-y="40" parentheses="yes">
      <beat-unit>quarter</beat-unit>
      <per-minute>120</per-minute>
     </metronome>
    </direction-type>
    <sound tempo="120"/>
   </direction>
   <note>
    <pitch>
     <step>E</step>
     <octave>5</octave>
    </pitch>
    <duration>2</duration>
    <voice>1</voice>
    <type>eighth</type>
    <stem>up</stem>
    <notehead>normal</notehead>
    <staff>1</staff>
    <beam number="1">begin</beam>
    <notations>
     <dynamics>
      <mf/>
     </dynamics>
     <technical>
<?GP7 <root><string>1</string><fret>0</fret></root>?>
     </technical>
    </notations>
   </note>
   <note>
    <chord/>
    <pitch>
     <step>C</step>
     <octave>4</octave>
    </pitch>
    <duration>2</duration>
    <voice>1</voice>
    <type>eighth</type>
    <stem>up</stem>
    <notehead>normal</notehead>
    <staff>1</staff>
    <beam number="1">begin</beam>
    <notations>
     <dynamics>
      <mf/>
     </dynamics>
     <technical>
<?GP7 <root><string>5</string><fret>3</fret></root>?>
     </technical>
    </notations>
   </note>
   <note>
    <pitch>
     <step>E</step>
     <octave>4</octave>
    </pitch>
    <duration>2</duration>
    <voice>1</voice>
    <type>eighth</type>
    <stem>up</stem>
    <notehead>normal</notehead>
    <staff>1</staff>
    <beam number="1">end</beam>
    <notations>
     <dynamics>
      <mf/>
     </dynamics>
     <technical>
<?GP7 <root><string>4</string><fret>2</fret></root>?>
     </technical>
    </notations>
   </note>
   <note>
    <pitch>
     <step>G</step>
     <octave>4</octave>
    </pitch>
    <duration>2</duration>
    <voice>1</voice>
    <type>eighth</type>
    <stem>down</stem>
    <notehead>normal</notehead>
    <staff>1</staff>
    <beam number="1">begin</beam>
    <notations>
     <dynamics>
      <mf/>
     </dynamics>
     <technical>
<?GP7 <root><string>3</string><fret>0</fret></root>?>
     </technical>
    </notations>
   </note>
   <note>
    <pitch>
     <step>C</step>
     <octave>5</octave>
    </pitch>
    <duration>1</duration>
    <voice>1</voice>
    <type>16th</type>
    <stem>down</stem>
    <notehead>normal</notehead>
    <staff>1</staff>
    <beam number="1">continue</beam>
    <beam number="2">begin</beam>
    <notations>
     <dynamics>
      <mf/>
     </dynamics>
     <technical>
<?GP7 <root><string>2</string><fret>1</fret></root>?>
     </technical>
    </notations>
   </note>
   <note>
    <pitch>
     <step>E</step>
     <octave>5</octave>
    </pitch>
    <duration>1</duration>
    <voice>1</voice>
    <type>16th</type>
    <stem>down</stem>
    <notehead>normal</notehead>
    <staff>1</staff>
    <beam number="1">end</beam>
    <beam number="2">end</beam>
    <notations>
     <dynamics>
      <mf/>
     </dynamics>
     <technical>
<?GP7 <root><string>1</string><fret>0</fret></root>?>
     </technical>
    </notations>
   </note>
   <note>
    <pitch>
     <step>F</step>
     <octave>5</octave>
    </pitch>
    <duration>2</duration>
    <voice>1</voice>
    <type>eighth</type>
    <stem>up</stem>
    <notehead>normal</notehead>
    <staff>1</staff>
    <beam number="1">begin</beam>
    <notations>
     <dynamics>
      <mf/>
     </dynamics>
     <technical>
<?GP7 <root><string>1</string><fret>1</fret></root>?>
     </technical>
    </notations>
   </note>
   <note>
    <chord/>
    <pitch>
     <step>B</step>
     <octave>3</octave>
    </pitch>
    <duration>2</duration>
    <voice>1</voice>
    <type>eighth</type>
    <stem>up</stem>
    <notehead>normal</notehead>
    <staff>1</staff>
    <beam number="1">begin</beam>
    <notations>
     <dynamics>
      <mf/>
     </dynamics>
     <technical>
<?GP7 <root><string>5</string><fret>2</fret></root>?>
     </technical>
    </notations>
   </note>
   <note>
    <pitch>
     <step>E</step>
     <octave>5</octave>
    </pitch>
    <duration>1</duration>
    <voice>1</voice>
    <type>16th</type>
    <stem>up</stem>
    <notehead>normal</notehead>
    <staff>1</staff>
    <beam number="1">continue</beam>
    <beam number="2">begin</beam>
    <notations>
     <dynamics>
      <mf/>
     </dynamics>
     <technical>
<?GP7 <root><string>1</string><fret>0</fret></root>?>
     </technical>
    </notations>
   </note>
   <note>
    <pitch>
     <step>D</step>
     <octave>5</octave>
    </pitch>
    <duration>1</duration>
    <voice>1</voice>
    <type>16th</type>
    <stem>up</stem>
    <notehead>normal</notehead>
    <staff>1</staff>
    <beam number="1">end</beam>
    <beam number="2">end</beam>
    <notations>
     <dynamics>
      <mf/>
     </dynamics>
     <technical>
<?GP7 <root><string>2</string><fret>3</fret></root>?>
     </technical>
    </notations>
   </note>
   <note>
    <pitch>
     <step>G</step>
     <octave>4</octave>
    </pitch>
    <duration>1</duration>
    <voice>1</voice>
    <type>16th</type>
    <stem>up</stem>
    <notehead>normal</notehead>
    <staff>1</staff>
    <beam number="1">begin</beam>
    <notations>
     <dynamics>
      <mf/>
     </dynamics>
     <technical>
<?GP7 <root><string>3</string><fret>0</fret></root>?>
     </technical>
    </notations>
   </note>
   <note>
    <pitch>
     <step>C</step>
     <octave>5</octave>
    </pitch>
    <duration>2</duration>
    <voice>1</voice>
    <type>eighth</type>
    <stem>up</stem>
    <notehead>normal</notehead>
    <staff>1</staff>
    <beam number="1">continue</beam>
    <notations>
     <dynamics>
      <mf/>
     </dynamics>
     <technical>
<?GP7 <root><string>2</string><fret>1</fret></root>?>
     </technical>
    </notations>
   </note>
   <note>
    <pitch>
     <step>C</step>
     <octave>5</octave>
    </pitch>
    <duration>1</duration>
    <voice>1</voice>
    <type>16th</type>
    <stem>up</stem>
    <notehead>normal</notehead>
    <staff>1</staff>
    <beam number="1">end</beam>
    <notations>
     <dynamics>
      <mf/>
     </dynamics>
     <technical>
<?GP7 <root><string>2</string><fret>1</fret></root>?>
     </technical>
    </notations>
   </note>
   <backup>
    <duration>16</duration>
   </backup>
   <note>
    <pitch>
     <step>E</step>
     <octave>4</octave>
    </pitch>
    <duration>2</duration>
    <voice>5</voice>
    <type>eighth</type>
    <stem>up</stem>
    <staff>2</staff>
    <beam number="1">begin</beam>
    <notations>
     <dynamics>
      <mf/>
     </dynamics>
     <technical>
      <string>1</string>
      <fret>0</fret>
     </technical>
    </notations>
   </note>
   <note>
    <chord/>
    <pitch>
     <step>C</step>
     <octave>3</octave>
    </pitch>
    <duration>2</duration>
    <voice>5</voice>
    <type>eighth</type>
    <stem>up</stem>
    <staff>2</staff>
    <beam number="1">begin</beam>
    <notations>
     <dynamics>
      <mf/>
     </dynamics>
     <technical>
      <string>5</string>
      <fret>3</fret>
     </technical>
    </notations>
   </note>
   <note>
    <pitch>
     <step>E</step>
     <octave>3</octave>
    </pitch>
    <duration>2</duration>
    <voice>5</voice>
    <type>eighth</type>
    <stem>up</stem>
    <staff>2</staff>
    <beam number="1">end</beam>
    <notations>
     <dynamics>
      <mf/>
     </dynamics>
     <technical>
      <string>4</string>
      <fret>2</fret>
     </technical>
    </notations>
   </note>
   <note>
    <pitch>
     <step>G</step>
     <octave>3</octave>
    </pitch>
    <duration>2</duration>
    <voice>5</voice>
    <type>eighth</type>
    <stem>down</stem>
    <staff>2</staff>
    <beam number="1">begin</beam>
    <notations>
     <dynamics>
      <mf/>
     </dynamics>
     <technical>
      <string>3</string>
      <fret>0</fret>
     </technical>
    </notations>
   </note>
   <note>
    <pitch>
     <step>C</step>
     <octave>4</octave>
    </pitch>
    <duration>1</duration>
    <voice>5</voice>
    <type>16th</type>
    <stem>down</stem>
    <staff>2</staff>
    <beam number="1">continue</beam>
    <beam number="2">begin</beam>
    <notations>
     <dynamics>
      <mf/>
     </dynamics>
     <technical>
      <string>2</string>
      <fret>1</fret>
     </technical>
    </notations>
   </note>
   <note>
    <pitch>
     <step>E</step>
     <octave>4</octave>
    </pitch>
    <duration>1</duration>
    <voice>5</voice>
    <type>16th</type>
    <stem>down</stem>
    <staff>2</staff>
    <beam number="1">end</beam>
    <beam number="2">end</beam>
    <notations>
     <dynamics>
      <mf/>
     </dynamics>
     <technical>
      <string>1</string>
      <fret>0</fret>
     </technical>
    </notations>
   </note>
   <note>
    <pitch>
     <step>F</step>
     <octave>4</octave>
    </pitch>
    <duration>2</duration>
    <voice>5</voice>
    <type>eighth</type>
    <stem>up</stem>
    <staff>2</staff>
    <beam number="1">begin</beam>
    <notations>
     <dynamics>
      <mf/>
     </dynamics>
     <technical>
      <string>1</string>
      <fret>1</fret>
     </technical>
    </notations>
   </note>
   <note>
    <chord/>
    <pitch>
     <step>B</step>
     <octave>2</octave>
    </pitch>
    <duration>2</duration>
    <voice>5</voice>
    <type>eighth</type>
    <stem>up</stem>
    <staff>2</staff>
    <beam number="1">begin</beam>
    <notations>
     <dynamics>
      <mf/>
     </dynamics>
     <technical>
      <string>5</string>
      <fret>2</fret>
     </technical>
    </notations>
   </note>
   <note>
    <pitch>
     <step>E</step>
     <octave>4</octave>
    </pitch>
    <duration>1</duration>
    <voice>5</voice>
    <type>16th</type>
    <stem>up</stem>
    <staff>2</staff>
    <beam number="1">continue</beam>
    <beam number="2">begin</beam>
    <notations>
     <dynamics>
      <mf/>
     </dynamics>
     <technical>
      <string>1</string>
      <fret>0</fret>
     </technical>
    </notations>
   </note>
   <note>
    <pitch>
     <step>D</step>
     <octave>4</octave>
    </pitch>
    <duration>1</duration>
    <voice>5</voice>
    <type>16th</type>
    <stem>up</stem>
    <staff>2</staff>
    <beam number="1">end</beam>
    <beam number="2">end</beam>
    <notations>
     <dynamics>
      <mf/>
     </dynamics>
     <technical>
      <string>2</string>
      <fret>3</fret>
     </technical>
    </notations>
   </note>
   <note>
    <pitch>
     <step>G</step>
     <octave>3</octave>
    </pitch>
    <duration>1</duration>
    <voice>5</voice>
    <type>16th</type>
    <stem>up</stem>
    <staff>2</staff>
    <beam number="1">begin</beam>
    <notations>
     <dynamics>
      <mf/>
     </dynamics>
     <technical>
      <string>3</string>
      <fret>0</fret>
     </technical>
    </notations>
   </note>
   <note>
    <pitch>
     <step>C</step>
     <octave>4</octave>
    </pitch>
    <duration>2</duration>
    <voice>5</voice>
    <type>eighth</type>
    <stem>up</stem>
    <staff>2</staff>
    <beam number="1">continue</beam>
    <notations>
     <dynamics>
      <mf/>
     </dynamics>
     <technical>
      <string>2</string>
      <fret>1</fret>
     </technical>
    </notations>
   </note>
   <note>
    <pitch>
     <step>C</step>
     <octave>4</octave>
    </pitch>
    <duration>1</duration>
    <voice>5</voice>
    <type>16th</type>
    <stem>up</stem>
    <staff>2</staff>
    <beam number="1">end</beam>
    <notations>
     <dynamics>
      <mf/>
     </dynamics>
     <technical>
      <string>2</string>
      <fret>1</fret>
     </technical>
    </notations>
   </note>
  </measure>
  <measure number="2">
   <note>
    <pitch>
     <step>D</step>
     <octave>5</octave>
    </pitch>
    <duration>2</duration>
    <voice>1</voice>
    <type>eighth</type>
    <stem>up</stem>
    <notehead>normal</notehead>
    <staff>1</staff>
    <beam number="1">begin</beam>
    <notations>
     <technical>
<?GP7 <root><string>2</string><fret>3</fret></root>?>
     </technical>
    </notations>
   </note>
   <note>
    <chord/>
    <pitch>
     <step>A</step>
     <octave>3</octave>
    </pitch>
    <duration>2</duration>
    <voice>1</voice>
    <type>eighth</type>
    <stem>up</stem>
    <notehead>normal</notehead>
    <staff>1</staff>
    <beam number="1">begin</beam>
    <notations>
     <technical>
<?GP7 <root><string>5</string><fret>0</fret></root>?>
     </technical>
    </notations>
   </note>
   <note>
    <pitch>
     <step>C</step>
     <octave>5</octave>
    </pitch>
    <duration>1</duration>
    <voice>1</voice>
    <type>16th</type>
    <stem>up</stem>
    <notehead>normal</notehead>
    <staff>1</staff>
    <beam number="1">continue</beam>
    <beam number="2">begin</beam>
    <notations>
     <technical>
<?GP7 <root><string>2</string><fret>1</fret></root>?>
     </technical>
    </notations>
   </note>
   <note>
    <pitch>
     <step>C</step>
     <octave>5</octave>
    </pitch>
    <duration>1</duration>
    <voice>1</voice>
    <type>16th</type>
    <stem>up</stem>
    <notehead>normal</notehead>
    <staff>1</staff>
    <beam number="1">end</beam>
    <beam number="2">end</beam>
    <notations>
     <technical>
<?GP7 <root><string>2</string><fret>1</fret></root>?>
     </technical>
    </notations>
   </note>
   <note>
    <pitch>
     <step>G</step>
     <octave>4</octave>
    </pitch>
    <duration>1</duration>
    <voice>1</voice>
    <type>16th</type>
    <stem>up</stem>
    <notehead>normal</notehead>
    <staff>1</staff>
    <beam number="1">begin</beam>
    <beam number="2">begin</beam>
    <notations>
     <technical>
<?GP7 <root><string>3</string><fret>0</fret></root>?>
     </technical>
    </notations>
   </note>
   <note>
    <pitch>
     <step>B</step>
     <octave>4</octave>
    </pitch>
    <duration>1</duration>
    <voice>1</voice>
    <type>16th</type>
    <stem>up</stem>
    <notehead>normal</notehead>
    <staff>1</staff>
    <beam number="1">end</beam>
    <beam number="2">end</beam>
    <notations>
     <technical>
<?GP7 <root><string>2</string><fret>0</fret></root>?>
     </technical>
    </notations>
   </note>
   <note>
    <pitch>
     <step>C</step>
     <octave>5</octave>
    </pitch>
    <duration>4</duration>
    <voice>1</voice>
    <type>quarter</type>
    <stem>down</stem>
    <notehead>normal</notehead>
    <staff>1</staff>
    <notations>
     <technical>
<?GP7 <root><string>2</string><fret>1</fret></root>?>
     </technical>
    </notations>
   </note>
   <note>
    <pitch>
     <step>E</step>
     <octave>4</octave>
    </pitch>
    <duration>2</duration>
    <voice>1</voice>
    <type>eighth</type>
    <stem>up</stem>
    <notehead>normal</notehead>
    <staff>1</staff>
    <notations>
     <technical>
<?GP7 <root><string>4</string><fret>2</fret></root>?>
     </technical>
    </notations>
   </note>
   <note>
    <pitch>
     <step>G</step>
     <octave>3</octave>
    </pitch>
    <duration>2</duration>
    <voice>1</voice>
    <type>eighth</type>
    <stem>up</stem>
    <notehead>normal</notehead>
    <staff>1</staff>
    <beam number="1">begin</beam>
    <notations>
     <technical>
<?GP7 <root><string>6</string><fret>3</fret></root>?>
     </technical>
    </notations>
   </note>
   <note>
    <pitch>
     <step>A</step>
     <octave>4</octave>
    </pitch>
    <duration>1</duration>
    <voice>1</voice>
    <type>16th</type>
    <stem>up</stem>
    <notehead>normal</notehead>
    <staff>1</staff>
    <beam number="1">continue</beam>
    <beam number="2">begin</beam>
    <notations>
     <technical>
<?GP7 <root><string>3</string><fret>2</fret></root>?>
     </technical>
    </notations>
   </note>
   <note>
    <pitch>
     <step>F</step>
     <octave>5</octave>
    </pitch>
    <duration>1</duration>
    <tie type="start"/>
    <voice>1</voice>
    <type>16th</type>
    <stem>up</stem>
    <notehead>normal</notehead>
    <staff>1</staff>
    <beam number="1">end</beam>
    <beam number="2">end</beam>
    <notations>
     <technical>
<?GP7 <root><string>1</string><fret>1</fret></root>?>
     </technical>
     <tied type="start"/>
    </notations>
   </note>
   <backup>
    <duration>16</duration>
   </backup>
   <note>
    <pitch>
     <step>D</step>
     <octave>4</octave>
    </pitch>
    <duration>2</duration>
    <voice>5</voice>
    <type>eighth</type>
    <stem>up</stem>
    <staff>2</staff>
    <beam number="1">begin</beam>
    <notations>
     <technical>
      <string>2</string>
      <fret>3</fret>
     </technical>
    </notations>
   </note>
   <note>
    <chord/>
    <pitch>
     <step>A</step>
     <octave>2</octave>
    </pitch>
    <duration>2</duration>
    <voice>5</voice>
    <type>eighth</type>
    <stem>up</stem>
    <staff>2</staff>
    <beam number="1">begin</beam>
    <notations>
     <technical>
      <string>5</string>
      <fret>0</fret>
     </technical>
    </notations>
   </note>
   <note>
    <pitch>
     <step>C</step>
     <octave>4</octave>
    </pitch>
    <duration>1</duration>
    <voice>5</voice>
    <type>16th</type>
    <stem>up</stem>
    <staff>2</staff>
    <beam number="1">continue</beam>
    <beam number="2">begin</beam>
    <notations>
     <technical>
      <string>2</string>
      <fret>1</fret>
     </technical>
    </notations>
   </note>
   <note>
    <pitch>
     <step>C</step>
     <octave>4</octave>
    </pitch>
    <duration>1</duration>
    <voice>5</voice>
    <type>16th</type>
    <stem>up</stem>
    <staff>2</staff>
    <beam number="1">end</beam>
    <beam number="2">end</beam>
    <notations>
     <technical>
      <string>2</string>
      <fret>1</fret>
     </technical>
    </notations>
   </note>
   <note>
    <pitch>
     <step>G</step>
     <octave>3</octave>
    </pitch>
    <duration>1</duration>
    <voice>5</voice>
    <type>16th</type>
    <stem>up</stem>
    <staff>2</staff>
    <beam number="1">begin</beam>
    <beam number="2">begin</beam>
    <notations>
     <technical>
      <string>3</string>
      <fret>0</fret>
     </technical>
    </notations>
   </note>
   <note>
    <pitch>
     <step>B</step>
     <octave>3</octave>
    </pitch>
    <duration>1</duration>
    <voice>5</voice>
    <type>16th</type>
    <stem>up</stem>
    <staff>2</staff>
    <beam number="1">end</beam>
    <beam number="2">end</beam>
    <notations>
     <technical>
      <string>2</string>
      <fret>0</fret>
     </technical>
    </notations>
   </note>
   <note>
    <pitch>
     <step>C</step>
     <octave>4</octave>
    </pitch>
    <duration>4</duration>
    <voice>5</voice>
    <type>quarter</type>
    <stem>down</stem>
    <staff>2</staff>
    <notations>
     <technical>
      <string>2</string>
      <fret>1</fret>
     </technical>
    </notations>
   </note>
   <note>
    <pitch>
     <step>E</step>
     <octave>3</octave>
    </pitch>
    <duration>2</duration>
    <voice>5</voice>
    <type>eighth</type>
    <stem>up</stem>
    <staff>2</staff>
    <notations>
     <technical>
      <string>4</string>
      <fret>2</fret>
     </technical>
    </notations>
   </note>
   <note>
    <pitch>
     <step>G</step>
     <octave>2</octave>
    </pitch>
    <duration>2</duration>
    <voice>5</voice>
    <type>eighth</type>
    <stem>up</stem>
    <staff>2</staff>
    <beam number="1">begin</beam>
    <notations>
     <technical>
      <string>6</string>
      <fret>3</fret>
     </technical>
    </notations>
   </note>
   <note>
    <pitch>
     <step>A</step>
     <octave>3</octave>
    </pitch>
    <duration>1</duration>
    <voice>5</voice>
    <type>16th</type>
    <stem>up</stem>
    <staff>2</staff>
    <beam number="1">continue</beam>
    <beam number="2">begin</beam>
    <notations>
     <technical>
      <string>3</string>
      <fret>2</fret>
     </technical>
    </notations>
   </note>
   <note>
    <pitch>
     <step>F</step>
     <octave>4</octave>
    </pitch>
    <duration>1</duration>
    <tie type="start"/>
    <voice>5</voice>
    <type>16th</type>
    <stem>up</stem>
    <staff>2</staff>
    <beam number="1">end</beam>
    <beam number="2">end</beam>
    <notations>
     <technical>
      <string>1</string>
      <fret>1</fret>
     </technical>
     <tied type="start"/>
    </notations>
   </note>
  </measure>
  <measure number="3">
   <attributes>
    <divisions>8</divisions>
   </attributes>
   <note>
    <pitch>
     <step>F</step>
     <octave>5</octave>
    </pitch>
    <duration>4</duration>
    <tie type="stop"/>
    <voice>1</voice>
    <type>eighth</type>
    <stem>up</stem>
    <notehead>normal</notehead>
    <staff>1</staff>
    <beam number="1">begin</beam>
    <notations>
     <technical>
<?GP7 <root><string>1</string><fret>1</fret></root>?>
     </technical>
     <tied type="stop"/>
    </notations>
   </note>
   <note>
    <chord/>
    <pitch>
     <step>F</step>
     <octave>3</octave>
    </pitch>
    <duration>4</duration>
    <voice>1</voice>
    <type>eighth</type>
    <stem>up</stem>
    <notehead>normal</notehead>
    <staff>1</staff>
    <beam number="1">begin</beam>
    <notations>
     <technical>
<?GP7 <root><string>6</string><fret>1</fret></root>?>
     </technical>
    </notations>
   </note>
   <note>
    <pitch>
     <step>F</step>
     <octave>4</octave>
    </pitch>
    <duration>4</duration>
    <voice>1</voice>
    <type>eighth</type>
    <stem>up</stem>
    <notehead>normal</notehead>
    <staff>1</staff>
    <beam number="1">end</beam>
    <notations>
     <technical>
<?GP7 <root><string>4</string><fret>3</fret></root>?>
     </technical>
    </notations>
   </note>
   <note>
    <pitch>
     <step>A</step>
     <octave>4</octave>
    </pitch>
    <duration>4</duration>
    <voice>1</voice>
    <type>eighth</type>
    <stem>down</stem>
    <notehead>normal</notehead>
    <staff>1</staff>
    <beam number="1">begin</beam>
    <notations>
     <technical>
<?GP7 <root><string>3</string><fret>2</fret></root>?>
     </technical>
    </notations>
   </note>
   <note>
    <pitch>
     <step>F</step>
     <octave>4</octave>
    </pitch>
    <duration>2</duration>
    <voice>1</voice>
    <type>16th</type>
    <stem>down</stem>
    <notehead>normal</notehead>
    <staff>1</staff>
    <beam number="1">continue</beam>
    <beam number="2">begin</beam>
    <notations>
     <technical>
<?GP7 <root><string>4</string><fret>3</fret></root>?>
     </technical>
    </notations>
   </note>
   <note>
    <pitch>
     <step>F</step>
     <octave>5</octave>
    </pitch>
    <duration>2</duration>
    <voice>1</voice>
    <type>16th</type>
    <stem>down</stem>
    <notehead>normal</notehead>
    <staff>1</staff>
    <beam number="1">end</beam>
    <beam number="2">end</beam>
    <notations>
     <technical>
<?GP7 <root><string>1</string><fret>1</fret></root>?>
     </technical>
    </notations>
   </note>
   <note>
    <pitch>
     <step>F</step>
     <octave>5</octave>
    </pitch>
    <duration>4</duration>
    <voice>1</voice>
    <type>eighth</type>
    <stem>down</stem>
    <notehead>normal</notehead>
    <staff>1</staff>
    <beam number="1">begin</beam>
    <notations>
     <technical>
<?GP7 <root><string>1</string><fret>1</fret></root>?>
     </technical>
    </notations>
   </note>
   <note>
    <chord/>
    <pitch>
     <step>G</step>
     <octave>4</octave>
    </pitch>
    <duration>4</duration>
    <voice>1</voice>
    <type>eighth</type>
    <stem>down</stem>
    <notehead>normal</notehead>
    <staff>1</staff>
    <beam number="1">begin</beam>
    <notations>
     <technical>
<?GP7 <root><string>3</string><fret>0</fret></root>?>
     </technical>
    </notations>
   </note>
   <note>
    <chord/>
    <pitch>
     <step>E</step>
     <octave>3</octave>
    </pitch>
    <duration>4</duration>
    <voice>1</voice>
    <type>eighth</type>
    <stem>down</stem>
    <notehead>normal</notehead>
    <staff>1</staff>
    <beam number="1">begin</beam>
    <notations>
     <technical>
<?GP7 <root><string>6</string><fret>0</fret></root>?>
     </technical>
    </notations>
   </note>
   <note>
    <pitch>
     <step>G</step>
     <octave>5</octave>
    </pitch>
    <duration>1</duration>
    <voice>1</voice>
    <type>16th</type>
    <stem>down</stem>
    <notehead>normal</notehead>
    <staff>1</staff>
    <beam number="1">end</beam>
    <notations>
     <technical>
<?GP7 <root><string>1</string><fret>3</fret></root>?>
     </technical>
    </notations>
   </note>
   <note>
    <grace slash="yes"/>
    <pitch>
     <step>E</step>
     <octave>5</octave>
    </pitch>
    <voice>1</voice>
    <type>32nd</type>
    <stem>up</stem>
    <notehead>normal</notehead>
    <staff>1</staff>
   </note>
   <note>
    <pitch>
     <step>D</step>
     <octave>5</octave>
    </pitch>
    <duration>4</duration>
    <voice>1</voice>
    <type>eighth</type>
    <stem>down</stem>
    <notehead>normal</notehead>
    <staff>1</staff>
    <beam number="1">begin</beam>
    <notations>
     <dynamics>
      <mf/>
     </dynamics>
     <technical>
<?GP7 <root><string>2</string><fret>3</fret></root>?>
     </technical>
    </notations>
   </note>
   <note>
    <pitch>
     <step>C</step>
     <octave>5</octave>
    </pitch>
    <duration>2</duration>
    <voice>1</voice>
    <type>16th</type>
    <stem>down</stem>
    <notehead>normal</notehead>
    <staff>1</staff>
    <beam number="1">continue</beam>
    <beam number="2">begin</beam>
    <notations>
     <technical>
<?GP7 <root><string>2</string><fret>1</fret></root>?>
     </technical>
    </notations>
   </note>
   <note>
    <pitch>
     <step>G</step>
     <octave>4</octave>
    </pitch>
    <duration>2</duration>
    <voice>1</voice>
    <type>16th</type>
    <stem>down</stem>
    <notehead>normal</notehead>
    <staff>1</staff>
    <beam number="1">continue</beam>
    <beam number="2">continue</beam>
    <notations>
     <technical>
<?GP7 <root><string>3</string><fret>0</fret></root>?>
     </technical>
    </notations>
   </note>
   <note>
    <pitch>
     <step>E</step>
     <octave>5</octave>
    </pitch>
    <duration>2</duration>
    <voice>1</voice>
    <type>16th</type>
    <stem>down</stem>
    <notehead>normal</notehead>
    <staff>1</staff>
    <beam number="1">end</beam>
    <beam number="2">end</beam>
    <notations>
     <technical>
<?GP7 <root><string>1</string><fret>0</fret></root>?>
     </technical>
    </notations>
   </note>
   <backup>
    <duration>31</duration>
   </backup>
   <note>
    <pitch>
     <step>F</step>
     <octave>4</octave>
    </pitch>
    <duration>4</duration>
    <tie type="stop"/>
    <voice>5</voice>
    <type>eighth</type>
    <stem>up</stem>
    <staff>2</staff>
    <beam number="1">begin</beam>
    <notations>
     <technical>
      <string>1</string>
      <fret>1</fret>
     </technical>
     <tied type="stop"/>
    </notations>
   </note>
   <note>
    <chord/>
    <pitch>
     <step>F</step>
     <octave>2</octave>
    </pitch>
    <duration>4</duration>
    <voice>5</voice>
    <type>eighth</type>
    <stem>up</stem>
    <staff>2</staff>
    <beam number="1">begin</beam>
    <notations>
     <technical>
      <string>6</string>
      <fret>1</fret>
     </technical>
    </notations>
   </note>
   <note>
    <pitch>
     <step>F</step>
     <octave>3</octave>
    </pitch>
    <duration>4</duration>
    <voice>5</voice>
    <type>eighth</type>
    <stem>up</stem>
    <staff>2</staff>
    <beam number="1">end</beam>
    <notations>
     <technical>
      <string>4</string>
      <fret>3</fret>
     </technical>
    </notations>
   </note>
   <note>
    <pitch>
     <step>A</step>
     <octave>3</octave>
    </pitch>
    <duration>4</duration>
    <voice>5</voice>
    <type>eighth</type>
    <stem>down</stem>
    <staff>2</staff>
    <beam number="1">begin</beam>
    <notations>
     <technical>
      <string>3</string>
      <fret>2</fret>
     </technical>
    </notations>
   </note>
   <note>
    <pitch>
     <step>F</step>
     <octave>3</octave>
    </pitch>
    <duration>2</duration>
    <voice>5</voice>
    <type>16th</type>
    <stem>down</stem>
    <staff>2</staff>
    <beam number="1">continue</beam>
    <beam number="2">begin</beam>
    <notations>
     <technical>
      <string>4</string>
      <fret>3</fret>
     </technical>
    </notations>
   </note>
   <note>
    <pitch>
     <step>F</step>
     <octave>4</octave>
    </pitch>
    <duration>2</duration>
    <voice>5</voice>
    <type>16th</type>
    <stem>down</stem>
    <staff>2</staff>
    <beam number="1">end</beam>
    <beam number="2">end</beam>
    <notations>
     <technical>
      <string>1</string>
      <fret>1</fret>
     </technical>
    </notations>
   </note>
   <note>
    <pitch>
     <step>F</step>
     <octave>4</octave>
    </pitch>
    <duration>4</duration>
    <voice>5</voice>
    <type>eighth</type>
    <stem>down</stem>
    <staff>2</staff>
    <beam number="1">begin</beam>
    <notations>
     <technical>
      <string>1</string>
      <fret>1</fret>
     </technical>
    </notations>
   </note>
   <note>
    <chord/>
    <pitch>
     <step>G</step>
     <octave>3</octave>
    </pitch>
    <duration>4</duration>
    <voice>5</voice>
    <type>eighth</type>
    <stem>down</stem>
    <staff>2</staff>
    <beam number="1">begin</beam>
    <notations>
     <technical>
      <string>3</string>
      <fret>0</fret>
     </technical>
    </notations>
   </note>
   <note>
    <chord/>
    <pitch>
     <step>E</step>
     <octave>2</octave>
    </pitch>
    <duration>4</duration>
    <voice>5</voice>
    <type>eighth</type>
    <stem>down</stem>
    <staff>2</staff>
    <beam number="1">begin</beam>
    <notations>
     <technical>
      <string>6</string>
      <fret>0</fret>
     </technical>
    </notations>
   </note>
   <note>
    <pitch>
     <step>G</step>
     <octave>4</octave>
    </pitch>
    <duration>1</duration>
    <voice>5</voice>
    <type>16th</type>
    <stem>down</stem>
    <staff>2</staff>
    <beam number="1">end</beam>
    <notations>
     <technical>
      <string>1</string>
      <fret>3</fret>
     </technical>
    </notations>
   </note>
   <note>
    <grace slash="yes"/>
    <pitch>
     <step>E</step>
     <octave>4</octave>
    </pitch>
    <voice>5</voice>
    <type>32nd</type>
    <stem>up</stem>
    <staff>2</staff>
   </note>
   <note>
    <pitch>
     <step>D</step>
     <octave>4</octave>
    </pitch>
    <duration>4</duration>
    <voice>5</voice>
    <type>eighth</type>
    <stem>down</stem>
    <staff>2</staff>
    <beam number="1">begin</beam>
    <notations>
     <dynamics>
      <mf/>
     </dynamics>
     <technical>
      <string>2</string>
      <fret>3</fret>
     </technical>
    </notations>
   </note>
   <note>
    <pitch>
     <step>C</step>
     <octave>4</octave>
    </pitch>
    <duration>2</duration>
    <voice>5</voice>
    <type>16th</type>
    <stem>down</stem>
    <staff>2</staff>
    <beam number="1">continue</beam>
    <beam number="2">begin</beam>
    <notations>
     <technical>
      <string>2</string>
      <fret>1</fret>
     </technical>
    </notations>
   </note>
   <note>
    <pitch>
     <step>G</step>
     <octave>3</octave>
    </pitch>
    <duration>2</duration>
    <voice>5</voice>
    <type>16th</type>
    <stem>down</stem>
    <staff>2</staff>
    <beam number="1">continue</beam>
    <beam number="2">continue</beam>
    <notations>
     <technical>
      <string>3</string>
      <fret>0</fret>
     </technical>
    </notations>
   </note>
   <note>
    <pitch>
     <step>E</step>
     <octave>4</octave>
    </pitch>
    <duration>2</duration>
    <voice>5</voice>
    <type>16th</type>
    <stem>down</stem>
    <staff>2</staff>
    <beam number="1">end</beam>
    <beam number="2">end</beam>
    <notations>
     <technical>
      <string>1</string>
      <fret>0</fret>
     </technical>
    </notations>
   </note>
  </measure>
  <measure number="4">
   <attributes>
    <divisions>4</divisions>
   </attributes>
   <note>
    <pitch>
     <step>E</step>
     <octave>5</octave>
    </pitch>
    <duration>2</duration>
    <voice>1</voice>
    <type>eighth</type>
    <stem>up</stem>
    <notehead>normal</notehead>
    <staff>1</staff>
    <beam number="1">begin</beam>
    <notations>
     <technical>
<?GP7 <root><string>2</string><fret>5</fret></root>?>
     </technical>
    </notations>
   </note>
   <note>
    <chord/>
    <pitch>
     <step>C</step>
     <octave>5</octave>
    </pitch>
    <duration>2</duration>
    <voice>1</voice>
    <type>eighth</type>
    <stem>up</stem>
    <notehead>normal</notehead>
    <staff>1</staff>
    <beam number="1">begin</beam>
    <notations>
     <technical>
<?GP7 <root><string>3</string><fret>5</fret></root>?>
     </technical>
    </notations>
   </note>
   <note>
    <chord/>
    <pitch>
     <step>D</step>
     <octave>4</octave>
    </pitch>
    <duration>2</duration>
    <voice>1</voice>
    <type>eighth</type>
    <stem>up</stem>
    <notehead>normal</notehead>
    <staff>1</staff>
    <beam number="1">begin</beam>
    <notations>
     <technical>
<?GP7 <root><string>5</string><fret>5</fret></root>?>
     </technical>
    </notations>
   </note>
   <note>
    <pitch>
     <step>D</step>
     <octave>5</octave>
    </pitch>
    <duration>1</duration>
    <voice>1</voice>
    <type>16th</type>
    <stem>up</stem>
    <notehead>normal</notehead>
    <staff>1</staff>
    <beam number="1">continue</beam>
    <notations>
     <technical>
<?GP7 <root><string>2</string><fret>3</fret></root>?>
     </technical>
    </notations>
   </note>
   <note>
    <pitch>
     <step>D</step>
     <octave>5</octave>
    </pitch>
    <duration>2</duration>
    <voice>1</voice>
    <type>eighth</type>
    <stem>up</stem>
    <notehead>normal</notehead>
    <staff>1</staff>
    <beam number="1">continue</beam>
    <notations>
     <technical>
<?GP7 <root><string>2</string><fret>3</fret></root>?>
     </technical>
    </notations>
   </note>
   <note>
    <pitch>
     <step>C</step>
     <octave>5</octave>
    </pitch>
    <duration>1</duration>
    <voice>1</voice>
    <type>16th</type>
    <stem>down</stem>
    <notehead>normal</notehead>
    <staff>1</staff>
    <beam number="1">continue</beam>
    <notations>
     <technical>
<?GP7 <root><string>3</string><fret>5</fret></root>?>
     </technical>
    </notations>
   </note>
   <note>
    <pitch>
     <step>D</step>
     <octave>5</octave>
    </pitch>
    <duration>2</duration>
    <voice>1</voice>
    <type>eighth</type>
    <stem>down</stem>
    <notehead>normal</notehead>
    <staff>1</staff>
    <beam number="1">end</beam>
    <notations>
     <technical>
<?GP7 <root><string>2</string><fret>3</fret></root>?>
     </technical>
    </notations>
   </note>
   <note>
    <pitch>
     <step>G</step>
     <octave>3</octave>
    </pitch>
    <duration>2</duration>
    <voice>1</voice>
    <type>eighth</type>
    <stem>up</stem>
    <notehead>normal</notehead>
    <staff>1</staff>
    <beam number="1">begin</beam>
    <notations>
     <technical>
<?GP7 <root><string>6</string><fret>3</fret></root>?>
     </technical>
    </notations>
   </note>
   <note>
    <pitch>
     <step>D</step>
     <octave>4</octave>
    </pitch>
    <duration>2</duration>
    <voice>1</voice>
    <type>eighth</type>
    <stem>up</stem>
    <notehead>normal</notehead>
    <staff>1</staff>
    <beam number="1">end</beam>
    <notations>
     <technical>
<?GP7 <root><string>4</string><fret>0</fret></root>?>
     </technical>
    </notations>
   </note>
   <note>
    <pitch>
     <step>B</step>
     <octave>4</octave>
    </pitch>
    <duration>2</duration>
    <voice>1</voice>
    <type>eighth</type>
    <stem>down</stem>
    <notehead>normal</notehead>
    <staff>1</staff>
    <beam number="1">begin</beam>
    <notations>
     <technical>
<?GP7 <root><string>2</string><fret>0</fret></root>?>
     </technical>
    </notations>
   </note>
   <note>
    <pitch>
     <step>G</step>
     <octave>4</octave>
    </pitch>
    <duration>1</duration>
    <voice>1</voice>
    <type>16th</type>
    <stem>down</stem>
    <notehead>normal</notehead>
    <staff>1</staff>
    <beam number="1">continue</beam>
    <beam number="2">begin</beam>
    <notations>
     <technical>
<?GP7 <root><string>3</string><fret>0</fret></root>?>
     </technical>
    </notations>
   </note>
   <note>
    <pitch>
     <step>E</step>
     <octave>5</octave>
    </pitch>
    <duration>1</duration>
    <tie type="start"/>
    <voice>1</voice>
    <type>16th</type>
    <stem>down</stem>
    <notehead>normal</notehead>
    <staff>1</staff>
    <beam number="1">end</beam>
    <beam number="2">end</beam>
    <notations>
     <technical>
<?GP7 <root><string>1</string><fret>0</fret></root>?>
     </technical>
     <tied type="start"/>
    </notations>
   </note>
   <backup>
    <duration>16</duration>
   </backup>
   <note>
    <pitch>
     <step>E</step>
     <octave>4</octave>
    </pitch>
    <duration>2</duration>
    <voice>5</voice>
    <type>eighth</type>
    <stem>up</stem>
    <staff>2</staff>
    <beam number="1">begin</beam>
    <notations>
     <technical>
      <string>2</string>
      <fret>5</fret>
     </technical>
    </notations>
   </note>
   <note>
    <chord/>
    <pitch>
     <step>C</step>
     <octave>4</octave>
    </pitch>
    <duration>2</duration>
    <voice>5</voice>
    <type>eighth</type>
    <stem>up</stem>
    <staff>2</staff>
    <beam number="1">begin</beam>
    <notations>
     <technical>
      <string>3</string>
      <fret>5</fret>
     </technical>
    </notations>
   </note>
   <note>
    <chord/>
    <pitch>
     <step>D</step>
     <octave>3</octave>
    </pitch>
    <duration>2</duration>
    <voice>5</voice>
    <type>eighth</type>
    <stem>up</stem>
    <staff>2</staff>
    <beam number="1">begin</beam>
    <notations>
     <technical>
      <string>5</string>
      <fret>5</fret>
     </technical>
    </notations>
   </note>
   <note>
    <pitch>
     <step>D</step>
     <octave>4</octave>
    </pitch>
    <duration>1</duration>
    <voice>5</voice>
    <type>16th</type>
    <stem>up</stem>
    <staff>2</staff>
    <beam number="1">continue</beam>
    <notations>
     <technical>
      <string>2</string>
      <fret>3</fret>
     </technical>
    </notations>
   </note>
   <note>
    <pitch>
     <step>D</step>
     <octave>4</octave>
    </pitch>
    <duration>2</duration>
    <voice>5</voice>
    <type>eighth</type>
    <stem>up</stem>
    <staff>2</staff>
    <beam number="1">continue</beam>
    <notations>
     <technical>
      <string>2</string>
      <fret>3</fret>
     </technical>
    </notations>
   </note>
   <note>
    <pitch>
     <step>C</step>
     <octave>4</octave>
    </pitch>
    <duration>1</duration>
    <voice>5</voice>
    <type>16th</type>
    <stem>down</stem>
    <staff>2</staff>
    <beam number="1">continue</beam>
    <notations>
     <technical>
      <string>3</string>
      <fret>5</fret>
     </technical>
    </notations>
   </note>
   <note>
    <pitch>
     <step>D</step>
     <octave>4</octave>
    </pitch>
    <duration>2</duration>
    <voice>5</voice>
    <type>eighth</type>
    <stem>down</stem>
    <staff>2</staff>
    <beam number="1">end</beam>
    <notations>
     <technical>
      <string>2</string>
      <fret>3</fret>
     </technical>
    </notations>
   </note>
   <note>
    <pitch>
     <step>G</step>
     <octave>2</octave>
    </pitch>
    <duration>2</duration>
    <voice>5</voice>
    <type>eighth</type>
    <stem>up</stem>
    <staff>2</staff>
    <beam number="1">begin</beam>
    <notations>
     <technical>
      <string>6</string>
      <fret>3</fret>
     </technical>
    </notations>
   </note>
   <note>
    <pitch>
     <step>D</step>
     <octave>3</octave>
    </pitch>
    <duration>2</duration>
    <voice>5</voice>
    <type>eighth</type>
    <stem>up</stem>
    <staff>2</staff>
    <beam number="1">end</beam>
    <notations>
     <technical>
      <string>4</string>
      <fret>0</fret>
     </technical>
    </notations>
   </note>
   <note>
    <pitch>
     <step>B</step>
     <octave>3</octave>
    </pitch>
    <duration>2</duration>
    <voice>5</voice>
    <type>eighth</type>
    <stem>down</stem>
    <staff>2</staff>
    <beam number="1">begin</beam>
    <notations>
     <technical>
      <string>2</string>
      <fret>0</fret>
     </technical>
    </notations>
   </note>
   <note>
    <pitch>
     <step>G</step>
     <octave>3</octave>
    </pitch>
    <duration>1</duration>
    <voice>5</voice>
    <type>16th</type>
    <stem>down</stem>
    <staff>2</staff>
    <beam number="1">continue</beam>
    <beam number="2">begin</beam>
    <notations>
     <technical>
      <string>3</string>
      <fret>0</fret>
     </technical>
    </notations>
   </note>
   <note>
    <pitch>
     <step>E</step>
     <octave>4</octave>
    </pitch>
    <duration>1</duration>
    <tie type="start"/>
    <voice>5</voice>
    <type>16th</type>
    <stem>down</stem>
    <staff>2</staff>
    <beam number="1">end</beam>
    <beam number="2">end</beam>
    <notations>
     <technical>
      <string>1</string>
      <fret>0</fret>
     </technical>
     <tied type="start"/>
    </notations>
   </note>
  </measure>
  <measure number="5">
   <note>
    <pitch>
     <step>E</step>
     <octave>5</octave>
    </pitch>
    <duration>2</duration>
    <tie type="stop"/>
    <voice>1</voice>
    <type>eighth</type>
    <stem>up</stem>
    <notehead>normal</notehead>
    <staff>1</staff>
    <beam number="1">begin</beam>
    <notations>
     <technical>
<?GP7 <root><string>1</string><fret>0</fret></root>?>
     </technical>
     <tied type="stop"/>
    </notations>
   </note>
   <note>
    <chord/>
    <pitch>
     <step>C</step>
     <octave>4</octave>
    </pitch>
    <duration>2</duration>
    <voice>1</voice>
    <type>eighth</type>
    <stem>up</stem>
    <notehead>normal</notehead>
    <staff>1</staff>
    <beam number="1">begin</beam>
    <notations>
     <technical>
<?GP7 <root><string>5</string><fret>3</fret></root>?>
     </technical>
    </notations>
   </note>
   <note>
    <pitch>
     <step>E</step>
     <octave>4</octave>
    </pitch>
    <duration>2</duration>
    <voice>1</voice>
    <type>eighth</type>
    <stem>up</stem>
    <notehead>normal</notehead>
    <staff>1</staff>
    <beam number="1">end</beam>
    <notations>
     <technical>
<?GP7 <root><string>4</string><fret>2</fret></root>?>
     </technical>
    </notations>
   </note>
   <note>
    <pitch>
     <step>G</step>
     <octave>4</octave>
    </pitch>
    <duration>2</duration>
    <voice>1</voice>
    <type>eighth</type>
    <stem>down</stem>
    <notehead>normal</notehead>
    <staff>1</staff>
    <beam number="1">begin</beam>
    <notations>
     <technical>
<?GP7 <root><string>3</string><fret>0</fret></root>?>
     </technical>
    </notations>
   </note>
   <note>
    <pitch>
     <step>C</step>
     <octave>5</octave>
    </pitch>
    <duration>1</duration>
    <voice>1</voice>
    <type>16th</type>
    <stem>down</stem>
    <notehead>normal</notehead>
    <staff>1</staff>
    <beam number="1">continue</beam>
    <beam number="2">begin</beam>
    <notations>
     <technical>
<?GP7 <root><string>2</string><fret>1</fret></root>?>
     </technical>
    </notations>
   </note>
   <note>
    <pitch>
     <step>E</step>
     <octave>5</octave>
    </pitch>
    <duration>1</duration>
    <voice>1</voice>
    <type>16th</type>
    <stem>down</stem>
    <notehead>normal</notehead>
    <staff>1</staff>
    <beam number="1">end</beam>
    <beam number="2">end</beam>
    <notations>
     <technical>
<?GP7 <root><string>1</string><fret>0</fret></root>?>
     </technical>
    </notations>
   </note>
   <note>
    <pitch>
     <step>F</step>
     <octave>5</octave>
    </pitch>
    <duration>2</duration>
    <voice>1</voice>
    <type>eighth</type>
    <stem>up</stem>
    <notehead>normal</notehead>
    <staff>1</staff>
    <beam number="1">begin</beam>
    <notations>
     <technical>
<?GP7 <root><string>1</string><fret>1</fret></root>?>
     </technical>
    </notations>
   </note>
   <note>
    <chord/>
    <pitch>
     <step>B</step>
     <octave>3</octave>
    </pitch>
    <duration>2</duration>
    <voice>1</voice>
    <type>eighth</type>
    <stem>up</stem>
    <notehead>normal</notehead>
    <staff>1</staff>
    <beam number="1">begin</beam>
    <notations>
     <technical>
<?GP7 <root><string>5</string><fret>2</fret></root>?>
     </technical>
    </notations>
   </note>
   <note>
    <pitch>
     <step>E</step>
     <octave>5</octave>
    </pitch>
    <duration>1</duration>
    <voice>1</voice>
    <type>16th</type>
    <stem>up</stem>
    <notehead>normal</notehead>
    <staff>1</staff>
    <beam number="1">continue</beam>
    <beam number="2">begin</beam>
    <notations>
     <technical>
<?GP7 <root><string>1</string><fret>0</fret></root>?>
     </technical>
    </notations>
   </note>
   <note>
    <pitch>
     <step>F</step>
     <octave>5</octave>
    </pitch>
    <duration>1</duration>
    <voice>1</voice>
    <type>16th</type>
    <stem>up</stem>
    <notehead>normal</notehead>
    <staff>1</staff>
    <beam number="1">end</beam>
    <beam number="2">end</beam>
    <notations>
     <technical>
<?GP7 <root><string>1</string><fret>1</fret></root>?>
     </technical>
    </notations>
   </note>
   <note>
    <pitch>
     <step>G</step>
     <octave>4</octave>
    </pitch>
    <duration>1</duration>
    <voice>1</voice>
    <type>16th</type>
    <stem>down</stem>
    <notehead>normal</notehead>
    <staff>1</staff>
    <beam number="1">begin</beam>
    <notations>
     <technical>
<?GP7 <root><string>3</string><fret>0</fret></root>?>
     </technical>
    </notations>
   </note>
   <note>
    <pitch>
     <step>G</step>
     <octave>5</octave>
    </pitch>
    <duration>2</duration>
    <voice>1</voice>
    <type>eighth</type>
    <stem>down</stem>
    <notehead>normal</notehead>
    <staff>1</staff>
    <beam number="1">continue</beam>
    <notations>
     <technical>
<?GP7 <root><string>1</string><fret>3</fret></root>?>
     </technical>
    </notations>
   </note>
   <note>
    <pitch>
     <step>G</step>
     <octave>5</octave>
    </pitch>
    <duration>1</duration>
    <tie type="start"/>
    <voice>1</voice>
    <type>16th</type>
    <stem>down</stem>
    <notehead>normal</notehead>
    <staff>1</staff>
    <beam number="1">end</beam>
    <notations>
     <technical>
<?GP7 <root><string>1</string><fret>3</fret></root>?>
     </technical>
     <tied type="start"/>
    </notations>
   </note>
   <note>
    <chord/>
    <pitch>
     <step>C</step>
     <octave>5</octave>
    </pitch>
    <duration>1</duration>
    <tie type="start"/>
    <voice>1</voice>
    <type>16th</type>
    <stem>down</stem>
    <notehead>normal</notehead>
    <staff>1</staff>
    <beam number="1">end</beam>
    <notations>
     <technical>
<?GP7 <root><string>2</string><fret>1</fret></root>?>
     </technical>
     <tied type="start"/>
    </notations>
   </note>
   <backup>
    <duration>16</duration>
   </backup>
   <note>
    <pitch>
     <step>E</step>
     <octave>4</octave>
    </pitch>
    <duration>2</duration>
    <tie type="stop"/>
    <voice>5</voice>
    <type>eighth</type>
    <stem>up</stem>
    <staff>2</staff>
    <beam number="1">begin</beam>
    <notations>
     <technical>
      <string>1</string>
      <fret>0</fret>
     </technical>
     <tied type="stop"/>
    </notations>
   </note>
   <note>
    <chord/>
    <pitch>
     <step>C</step>
     <octave>3</octave>
    </pitch>
    <duration>2</duration>
    <voice>5</voice>
    <type>eighth</type>
    <stem>up</stem>
    <staff>2</staff>
    <beam number="1">begin</beam>
    <notations>
     <technical>
      <string>5</string>
      <fret>3</fret>
     </technical>
    </notations>
   </note>
   <note>
    <pitch>
     <step>E</step>
     <octave>3</octave>
    </pitch>
    <duration>2</duration>
    <voice>5</voice>
    <type>eighth</type>
    <stem>up</stem>
    <staff>2</staff>
    <beam number="1">end</beam>
    <notations>
     <technical>
      <string>4</string>
      <fret>2</fret>
     </technical>
    </notations>
   </note>
   <note>
    <pitch>
     <step>G</step>
     <octave>3</octave>
    </pitch>
    <duration>2</duration>
    <voice>5</voice>
    <type>eighth</type>
    <stem>down</stem>
    <staff>2</staff>
    <beam number="1">begin</beam>
    <notations>
     <technical>
      <string>3</string>
      <fret>0</fret>
     </technical>
    </notations>
   </note>
   <note>
    <pitch>
     <step>C</step>
     <octave>4</octave>
    </pitch>
    <duration>1</duration>
    <voice>5</voice>
    <type>16th</type>
    <stem>down</stem>
    <staff>2</staff>
    <beam number="1">continue</beam>
    <beam number="2">begin</beam>
    <notations>
     <technical>
      <string>2</string>
      <fret>1</fret>
     </technical>
    </notations>
   </note>
   <note>
    <pitch>
     <step>E</step>
     <octave>4</octave>
    </pitch>
    <duration>1</duration>
    <voice>5</voice>
    <type>16th</type>
    <stem>down</stem>
    <staff>2</staff>
    <beam number="1">end</beam>
    <beam number="2">end</beam>
    <notations>
     <technical>
      <string>1</string>
      <fret>0</fret>
     </technical>
    </notations>
   </note>
   <note>
    <pitch>
     <step>F</step>
     <octave>4</octave>
    </pitch>
    <duration>2</duration>
    <voice>5</voice>
    <type>eighth</type>
    <stem>up</stem>
    <staff>2</staff>
    <beam number="1">begin</beam>
    <notations>
     <technical>
      <string>1</string>
      <fret>1</fret>
     </technical>
    </notations>
   </note>
   <note>
    <chord/>
    <pitch>
     <step>B</step>
     <octave>2</octave>
    </pitch>
    <duration>2</duration>
    <voice>5</voice>
    <type>eighth</type>
    <stem>up</stem>
    <staff>2</staff>
    <beam number="1">begin</beam>
    <notations>
     <technical>
      <string>5</string>
      <fret>2</fret>
     </technical>
    </notations>
   </note>
   <note>
    <pitch>
     <step>E</step>
     <octave>4</octave>
    </pitch>
    <duration>1</duration>
    <voice>5</voice>
    <type>16th</type>
    <stem>up</stem>
    <staff>2</staff>
    <beam number="1">continue</beam>
    <beam number="2">begin</beam>
    <notations>
     <technical>
      <string>1</string>
      <fret>0</fret>
     </technical>
    </notations>
   </note>
   <note>
    <pitch>
     <step>F</step>
     <octave>4</octave>
    </pitch>
    <duration>1</duration>
    <voice>5</voice>
    <type>16th</type>
    <stem>up</stem>
    <staff>2</staff>
    <beam number="1">end</beam>
    <beam number="2">end</beam>
    <notations>
     <technical>
      <string>1</string>
      <fret>1</fret>
     </technical>
    </notations>
   </note>
   <note>
    <pitch>
     <step>G</step>
     <octave>3</octave>
    </pitch>
    <duration>1</duration>
    <voice>5</voice>
    <type>16th</type>
    <stem>down</stem>
    <staff>2</staff>
    <beam number="1">begin</beam>
    <notations>
     <technical>
      <string>3</string>
      <fret>0</fret>
     </technical>
    </notations>
   </note>
   <note>
    <pitch>
     <step>G</step>
     <octave>4</octave>
    </pitch>
    <duration>2</duration>
    <voice>5</voice>
    <type>eighth</type>
    <stem>down</stem>
    <staff>2</staff>
    <beam number="1">continue</beam>
    <notations>
     <technical>
      <string>1</string>
      <fret>3</fret>
     </technical>
    </notations>
   </note>
   <note>
    <pitch>
     <step>G</step>
     <octave>4</octave>
    </pitch>
    <duration>1</duration>
    <tie type="start"/>
    <voice>5</voice>
    <type>16th</type>
    <stem>down</stem>
    <staff>2</staff>
    <beam number="1">end</beam>
    <notations>
     <technical>
      <string>1</string>
      <fret>3</fret>
     </technical>
     <tied type="start"/>
    </notations>
   </note>
   <note>
    <chord/>
    <pitch>
     <step>C</step>
     <octave>4</octave>
    </pitch>
    <duration>1</duration>
    <tie type="start"/>
    <voice>5</voice>
    <type>16th</type>
    <stem>down</stem>
    <staff>2</staff>
    <beam number="1">end</beam>
    <notations>
     <technical>
      <string>2</string>
      <fret>1</fret>
     </technical>
     <tied type="start"/>
    </notations>
   </note>
  </measure>
  <measure number="6">
   <note>
    <pitch>
     <step>G</step>
     <octave>5</octave>
    </pitch>
    <duration>2</duration>
    <tie type="stop"/>
    <voice>1</voice>
    <type>eighth</type>
    <stem>up</stem>
    <notehead>normal</notehead>
    <staff>1</staff>
    <beam number="1">begin</beam>
    <notations>
     <technical>
<?GP7 <root><string>1</string><fret>3</fret></root>?>
     </technical>
     <tied type="stop"/>
    </notations>
   </note>
   <note>
    <chord/>
    <pitch>
     <step>C</step>
     <octave>5</octave>
    </pitch>
    <duration>2</duration>
    <tie type="stop"/>
    <voice>1</voice>
    <type>eighth</type>
    <stem>up</stem>
    <notehead>normal</notehead>
    <staff>1</staff>
    <beam number="1">begin</beam>
    <notations>
     <technical>
<?GP7 <root><string>2</string><fret>1</fret></root>?>
     </technical>
     <tied type="stop"/>
    </notations>
   </note>
   <note>
    <chord/>
    <pitch>
     <step>A</step>
     <octave>3</octave>
    </pitch>
    <duration>2</duration>
    <voice>1</voice>
    <type>eighth</type>
    <stem>up</stem>
    <notehead>normal</notehead>
    <staff>1</staff>
    <beam number="1">begin</beam>
    <notations>
     <technical>
<?GP7 <root><string>5</string><fret>0</fret></root>?>
     </technical>
    </notations>
   </note>
   <note>
    <pitch>
     <step>F</step>
     <octave>5</octave>
    </pitch>
    <duration>1</duration>
    <voice>1</voice>
    <type>16th</type>
    <stem>up</stem>
    <notehead>normal</notehead>
    <staff>1</staff>
    <beam number="1">continue</beam>
    <beam number="2">begin</beam>
    <notations>
     <technical>
<?GP7 <root><string>1</string><fret>1</fret></root>?>
     </technical>
    </notations>
   </note>
   <note>
    <pitch>
     <step>E</step>
     <octave>5</octave>
    </pitch>
    <duration>1</duration>
    <voice>1</voice>
    <type>16th</type>
    <stem>up</stem>
    <notehead>normal</notehead>
    <staff>1</staff>
    <beam number="1">end</beam>
    <beam number="2">end</beam>
    <notations>
     <technical>
<?GP7 <root><string>1</string><fret>0</fret></root>?>
     </technical>
    </notations>
   </note>
   <note>
    <pitch>
     <step>E</step>
     <octave>4</octave>
    </pitch>
    <duration>1</duration>
    <voice>1</voice>
    <type>16th</type>
    <stem>up</stem>
    <notehead>normal</notehead>
    <staff>1</staff>
    <beam number="1">begin</beam>
    <beam number="2">begin</beam>
    <notations>
     <technical>
<?GP7 <root><string>4</string><fret>2</fret></root>?>
     </technical>
    </notations>
   </note>
   <note>
    <pitch>
     <step>D</step>
     <octave>5</octave>
    </pitch>
    <duration>1</duration>
    <voice>1</voice>
    <type>16th</type>
    <stem>up</stem>
    <notehead>normal</notehead>
    <staff>1</staff>
    <beam number="1">continue</beam>
    <beam number="2">continue</beam>
    <notations>
     <technical>
<?GP7 <root><string>2</string><fret>3</fret></root>?>
     </technical>
    </notations>
   </note>
   <note>
    <pitch>
     <step>D</step>
     <octave>5</octave>
    </pitch>
    <duration>1</duration>
    <voice>1</voice>
    <type>16th</type>
    <stem>up</stem>
    <notehead>normal</notehead>
    <staff>1</staff>
    <beam number="1">continue</beam>
    <beam number="2">continue</beam>
    <notations>
     <technical>
<?GP7 <root><string>2</string><fret>3</fret></root>?>
     </technical>
    </notations>
   </note>
   <note>
    <pitch>
     <step>D</step>
     <octave>5</octave>
    </pitch>
    <duration>1</duration>
    <voice>1</voice>
    <type>16th</type>
    <stem>up</stem>
    <notehead>normal</notehead>
    <staff>1</staff>
    <beam number="1">end</beam>
    <beam number="2">end</beam>
    <notations>
     <technical>
<?GP7 <root><string>2</string><fret>3</fret></root>?>
     </technical>
    </notations>
   </note>
   <note>
    <pitch>
     <step>G</step>
     <octave>4</octave>
    </pitch>
    <duration>1</duration>
    <voice>1</voice>
    <type>16th</type>
    <stem>up</stem>
    <notehead>normal</notehead>
    <staff>1</staff>
    <beam number="1">begin</beam>
    <beam number="2">begin</beam>
    <notations>
     <technical>
<?GP7 <root><string>3</string><fret>0</fret></root>?>
     </technical>
    </notations>
   </note>
   <note>
    <pitch>
     <step>C</step>
     <octave>5</octave>
    </pitch>
    <duration>1</duration>
    <voice>1</voice>
    <type>16th</type>
    <stem>up</stem>
    <notehead>normal</notehead>
    <staff>1</staff>
    <beam number="1">continue</beam>
    <beam number="2">continue</beam>
    <notations>
     <technical>
<?GP7 <root><string>2</string><fret>1</fret></root>?>
     </technical>
    </notations>
   </note>
   <note>
    <pitch>
     <step>B</step>
     <octave>4</octave>
    </pitch>
    <duration>1</duration>
    <voice>1</voice>
    <type>16th</type>
    <stem>up</stem>
    <notehead>normal</notehead>
    <staff>1</staff>
    <beam number="1">continue</beam>
    <beam number="2">continue</beam>
    <notations>
     <technical>
<?GP7 <root><string>2</string><fret>0</fret></root>?>
     </technical>
    </notations>
   </note>
   <note>
    <pitch>
     <step>C</step>
     <octave>5</octave>
    </pitch>
    <duration>1</duration>
    <voice>1</voice>
    <type>16th</type>
    <stem>up</stem>
    <notehead>normal</notehead>
    <staff>1</staff>
    <beam number="1">end</beam>
    <beam number="2">end</beam>
    <notations>
     <technical>
<?GP7 <root><string>2</string><fret>1</fret></root>?>
     </technical>
    </notations>
   </note>
   <note>
    <pitch>
     <step>G</step>
     <octave>3</octave>
    </pitch>
    <duration>2</duration>
    <voice>1</voice>
    <type>eighth</type>
    <stem>up</stem>
    <notehead>normal</notehead>
    <staff>1</staff>
    <beam number="1">begin</beam>
    <notations>
     <technical>
<?GP7 <root><string>6</string><fret>3</fret></root>?>
     </technical>
    </notations>
   </note>
   <note>
    <pitch>
     <step>A</step>
     <octave>4</octave>
    </pitch>
    <duration>2</duration>
    <tie type="start"/>
    <voice>1</voice>
    <type>eighth</type>
    <stem>up</stem>
    <notehead>normal</notehead>
    <staff>1</staff>
    <beam number="1">end</beam>
    <notations>
     <technical>
<?GP7 <root><string>3</string><fret>2</fret></root>?>
     </technical>
     <tied type="start"/>
    </notations>
   </note>
   <backup>
    <duration>16</duration>
   </backup>
   <note>
    <pitch>
     <step>G</step>
     <octave>4</octave>
    </pitch>
    <duration>2</duration>
    <tie type="stop"/>
    <voice>5</voice>
    <type>eighth</type>
    <stem>up</stem>
    <staff>2</staff>
    <beam number="1">begin</beam>
    <notations>
     <technical>
      <string>1</string>
      <fret>3</fret>
     </technical>
     <tied type="stop"/>
    </notations>
   </note>
   <note>
    <chord/>
    <pitch>
     <step>C</step>
     <octave>4</octave>
    </pitch>
    <duration>2</duration>
    <tie type="stop"/>
    <voice>5</voice>
    <type>eighth</type>
    <stem>up</stem>
    <staff>2</staff>
    <beam number="1">begin</beam>
    <notations>
     <technical>
      <string>2</string>
      <fret>1</fret>
     </technical>
     <tied type="stop"/>
    </notations>
   </note>
   <note>
    <chord/>
    <pitch>
     <step>A</step>
     <octave>2</octave>
    </pitch>
    <duration>2</duration>
    <voice>5</voice>
    <type>eighth</type>
    <stem>up</stem>
    <staff>2</staff>
    <beam number="1">begin</beam>
    <notations>
     <technical>
      <string>5</string>
      <fret>0</fret>
     </technical>
    </notations>
   </note>
   <note>
    <pitch>
     <step>F</step>
     <octave>4</octave>
    </pitch>
    <duration>1</duration>
    <voice>5</voice>
    <type>16th</type>
    <stem>up</stem>
    <staff>2</staff>
    <beam number="1">continue</beam>
    <beam number="2">begin</beam>
    <notations>
     <technical>
      <string>1</string>
      <fret>1</fret>
     </technical>
    </notations>
   </note>
   <note>
    <pitch>
     <step>E</step>
     <octave>4</octave>
    </pitch>
    <duration>1</duration>
    <voice>5</voice>
    <type>16th</type>
    <stem>up</stem>
    <staff>2</staff>
    <beam number="1">end</beam>
    <beam number="2">end</beam>
    <notations>
     <technical>
      <string>1</string>
      <fret>0</fret>
     </technical>
    </notations>
   </note>
   <note>
    <pitch>
     <step>E</step>
     <octave>3</octave>
    </pitch>
    <duration>1</duration>
    <voice>5</voice>
    <type>16th</type>
    <stem>up</stem>
    <staff>2</staff>
    <beam number="1">begin</beam>
    <beam number="2">begin</beam>
    <notations>
     <technical>
      <string>4</string>
      <fret>2</fret>
     </technical>
    </notations>
   </note>
   <note>
    <pitch>
     <step>D</step>
     <octave>4</octave>
    </pitch>
    <duration>1</duration>
    <voice>5</voice>
    <type>16th</type>
    <stem>up</stem>
    <staff>2</staff>
    <beam number="1">continue</beam>
    <beam number="2">continue</beam>
    <notations>
     <technical>
      <string>2</string>
      <fret>3</fret>
     </technical>
    </notations>
   </note>
   <note>
    <pitch>
     <step>D</step>
     <octave>4</octave>
    </pitch>
    <duration>1</duration>
    <voice>5</voice>
    <type>16th</type>
    <stem>up</stem>
    <staff>2</staff>
    <beam number="1">continue</beam>
    <beam number="2">continue</beam>
    <notations>
     <technical>
      <string>2</string>
      <fret>3</fret>
     </technical>
    </notations>
   </note>
   <note>
    <pitch>
     <step>D</step>
     <octave>4</octave>
    </pitch>
    <duration>1</duration>
    <voice>5</voice>
    <type>16th</type>
    <stem>up</stem>
    <staff>2</staff>
    <beam number="1">end</beam>
    <beam number="2">end</beam>
    <notations>
     <technical>
      <string>2</string>
      <fret>3</fret>
     </technical>
    </notations>
   </note>
   <note>
    <pitch>
     <step>G</step>
     <octave>3</octave>
    </pitch>
    <duration>1</duration>
    <voice>5</voice>
    <type>16th</type>
    <stem>up</stem>
    <staff>2</staff>
    <beam number="1">begin</beam>
    <beam number="2">begin</beam>
    <notations>
     <technical>
      <string>3</string>
      <fret>0</fret>
     </technical>
    </notations>
   </note>
   <note>
    <pitch>
     <step>C</step>
     <octave>4</octave>
    </pitch>
    <duration>1</duration>
    <voice>5</voice>
    <type>16th</type>
    <stem>up</stem>
    <staff>2</staff>
    <beam number="1">continue</beam>
    <beam number="2">continue</beam>
    <notations>
     <technical>
      <string>2</string>
      <fret>1</fret>
     </technical>
    </notations>
   </note>
   <note>
    <pitch>
     <step>B</step>
     <octave>3</octave>
    </pitch>
    <duration>1</duration>
    <voice>5</voice>
    <type>16th</type>
    <stem>up</stem>
    <staff>2</staff>
    <beam number="1">continue</beam>
    <beam number="2">continue</beam>
    <notations>
     <technical>
      <string>2</string>
      <fret>0</fret>
     </technical>
    </notations>
   </note>
   <note>
    <pitch>
     <step>C</step>
     <octave>4</octave>
    </pitch>
    <duration>1</duration>
    <voice>5</voice>
    <type>16th</type>
    <stem>up</stem>
    <staff>2</staff>
    <beam number="1">end</beam>
    <beam number="2">end</beam>
    <notations>
     <technical>
      <string>2</string>
      <fret>1</fret>
     </technical>
    </notations>
   </note>
   <note>
    <pitch>
     <step>G</step>
     <octave>2</octave>
    </pitch>
    <duration>2</duration>
    <voice>5</voice>
    <type>eighth</type>
    <stem>up</stem>
    <staff>2</staff>
    <beam number="1">begin</beam>
    <notations>
     <technical>
      <string>6</string>
      <fret>3</fret>
     </technical>
    </notations>
   </note>
   <note>
    <pitch>
     <step>A</step>
     <octave>3</octave>
    </pitch>
    <duration>2</duration>
    <tie type="start"/>
    <voice>5</voice>
    <type>eighth</type>
    <stem>up</stem>
    <staff>2</staff>
    <beam number="1">end</beam>
    <notations>
     <technical>
      <string>3</string>
      <fret>2</fret>
     </technical>
     <tied type="start"/>
    </notations>
   </note>
  </measure>
  <measure number="7">
   <note>
    <pitch>
     <step>F</step>
     <octave>5</octave>
    </pitch>
    <duration>2</duration>
    <voice>1</voice>
    <type>eighth</type>
    <stem>up</stem>
    <notehead>normal</notehead>
    <staff>1</staff>
    <beam number="1">begin</beam>
    <notations>
     <technical>
<?GP7 <root><string>1</string><fret>1</fret></root>?>
     </technical>
    </notations>
   </note>
   <note>
    <chord/>
    <pitch>
     <step>A</step>
     <octave>4</octave>
    </pitch>
    <duration>2</duration>
    <tie type="stop"/>
    <voice>1</voice>
    <type>eighth</type>
    <stem>up</stem>
    <notehead>normal</notehead>
    <staff>1</staff>
    <beam number="1">begin</beam>
    <notations>
     <technical>
<?GP7 <root><string>3</string><fret>2</fret></root>?>
     </technical>
     <tied type="stop"/>
    </notations>
   </note>
   <note>
    <chord/>
    <pitch>
     <step>F</step>
     <octave>3</octave>
    </pitch>
    <duration>2</duration>
    <voice>1</voice>
    <type>eighth</type>
    <stem>up</stem>
    <notehead>normal</notehead>
    <staff>1</staff>
    <beam number="1">begin</beam>
    <notations>
     <technical>
<?GP7 <root><string>6</string><fret>1</fret></root>?>
     </technical>
    </notations>
   </note>
   <note>
    <pitch>
     <step>E</step>
     <octave>5</octave>
    </pitch>
    <duration>2</duration>
    <voice>1</voice>
    <type>eighth</type>
    <stem>up</stem>
    <notehead>normal</notehead>
    <staff>1</staff>
    <beam number="1">end</beam>
    <notations>
     <technical>
<?GP7 <root><string>1</string><fret>0</fret></root>?>
     </technical>
    </notations>
   </note>
   <note>
    <pitch>
     <step>C</step>
     <octave>5</octave>
    </pitch>
    <duration>2</duration>
    <voice>1</voice>
    <type>eighth</type>
    <stem>up</stem>
    <notehead>normal</notehead>
    <staff>1</staff>
    <beam number="1">begin</beam>
    <notations>
     <technical>
<?GP7 <root><string>2</string><fret>1</fret></root>?>
     </technical>
    </notations>
   </note>
   <note>
    <chord/>
    <pitch>
     <step>G</step>
     <octave>4</octave>
    </pitch>
    <duration>2</duration>
    <voice>1</voice>
    <type>eighth</type>
    <stem>up</stem>
    <notehead>normal</notehead>
    <staff>1</staff>
    <beam number="1">begin</beam>
    <notations>
     <technical>
<?GP7 <root><string>3</string><fret>0</fret></root>?>
     </technical>
    </notations>
   </note>
   <note>
    <chord/>
    <pitch>
     <step>E</step>
     <octave>3</octave>
    </pitch>
    <duration>2</duration>
    <voice>1</voice>
    <type>eighth</type>
    <stem>up</stem>
    <notehead>normal</notehead>
    <staff>1</staff>
    <beam number="1">begin</beam>
    <notations>
     <technical>
<?GP7 <root><string>6</string><fret>0</fret></root>?>
     </technical>
    </notations>
   </note>
   <note>
    <pitch>
     <step>A</step>
     <octave>4</octave>
    </pitch>
    <duration>2</duration>
    <voice>1</voice>
    <type>eighth</type>
    <stem>up</stem>
    <notehead>normal</notehead>
    <staff>1</staff>
    <beam number="1">end</beam>
    <notations>
     <technical>
<?GP7 <root><string>3</string><fret>2</fret></root>?>
     </technical>
    </notations>
   </note>
   <note>
    <pitch>
     <step>C</step>
     <octave>5</octave>
    </pitch>
    <duration>2</duration>
    <voice>1</voice>
    <type>eighth</type>
    <stem>up</stem>
    <notehead>normal</notehead>
    <staff>1</staff>
    <beam number="1">begin</beam>
    <notations>
     <technical>
<?GP7 <root><string>3</string><fret>5</fret></root>?>
     </technical>
    </notations>
   </note>
   <note>
    <chord/>
    <pitch>
     <step>D</step>
     <octave>4</octave>
    </pitch>
    <duration>2</duration>
    <voice>1</voice>
    <type>eighth</type>
    <stem>up</stem>
    <notehead>normal</notehead>
    <staff>1</staff>
    <beam number="1">begin</beam>
    <notations>
     <technical>
<?GP7 <root><string>5</string><fret>5</fret></root>?>
     </technical>
    </notations>
   </note>
   <note>
    <pitch>
     <step>F</step>
     <octave>4</octave>
    </pitch>
    <duration>2</duration>
    <voice>1</voice>
    <type>eighth</type>
    <stem>up</stem>
    <notehead>normal</notehead>
    <staff>1</staff>
    <beam number="1">end</beam>
    <notations>
     <technical>
<?GP7 <root><string>4</string><fret>3</fret></root>?>
     </technical>
    </notations>
   </note>
   <note>
    <pitch>
     <step>D</step>
     <octave>5</octave>
    </pitch>
    <duration>3</duration>
    <voice>1</voice>
    <type>eighth</type>
    <dot/>
    <stem>up</stem>
    <notehead>normal</notehead>
    <staff>1</staff>
    <beam number="1">begin</beam>
    <notations>
     <technical>
<?GP7 <root><string>2</string><fret>3</fret></root>?>
     </technical>
    </notations>
   </note>
   <note>
    <chord/>
    <pitch>
     <step>B</step>
     <octave>4</octave>
    </pitch>
    <duration>3</duration>
    <voice>1</voice>
    <type>eighth</type>
    <dot/>
    <stem>up</stem>
    <notehead>normal</notehead>
    <staff>1</staff>
    <beam number="1">begin</beam>
    <notations>
     <technical>
<?GP7 <root><string>3</string><fret>4</fret></root>?>
     </technical>
    </notations>
   </note>
   <note>
    <chord/>
    <pitch>
     <step>G</step>
     <octave>3</octave>
    </pitch>
    <duration>3</duration>
    <voice>1</voice>
    <type>eighth</type>
    <dot/>
    <stem>up</stem>
    <notehead>normal</notehead>
    <staff>1</staff>
    <beam number="1">begin</beam>
    <notations>
     <technical>
<?GP7 <root><string>6</string><fret>3</fret></root>?>
     </technical>
    </notations>
   </note>
   <note>
    <pitch>
     <step>C</step>
     <octave>5</octave>
    </pitch>
    <duration>1</duration>
    <tie type="start"/>
    <voice>1</voice>
    <type>16th</type>
    <stem>up</stem>
    <notehead>normal</notehead>
    <staff>1</staff>
    <beam number="1">end</beam>
    <notations>
     <technical>
<?GP7 <root><string>2</string><fret>1</fret></root>?>
     </technical>
     <tied type="start"/>
    </notations>
   </note>
   <backup>
    <duration>16</duration>
   </backup>
   <note>
    <pitch>
     <step>F</step>
     <octave>4</octave>
    </pitch>
    <duration>2</duration>
    <voice>5</voice>
    <type>eighth</type>
    <stem>up</stem>
    <staff>2</staff>
    <beam number="1">begin</beam>
    <notations>
     <technical>
      <string>1</string>
      <fret>1</fret>
     </technical>
    </notations>
   </note>
   <note>
    <chord/>
    <pitch>
     <step>A</step>
     <octave>3</octave>
    </pitch>
    <duration>2</duration>
    <tie type="stop"/>
    <voice>5</voice>
    <type>eighth</type>
    <stem>up</stem>
    <staff>2</staff>
    <beam number="1">begin</beam>
    <notations>
     <technical>
      <string>3</string>
      <fret>2</fret>
     </technical>
     <tied type="stop"/>
    </notations>
   </note>
   <note>
    <chord/>
    <pitch>
     <step>F</step>
     <octave>2</octave>
    </pitch>
    <duration>2</duration>
    <voice>5</voice>
    <type>eighth</type>
    <stem>up</stem>
    <staff>2</staff>
    <beam number="1">begin</beam>
    <notations>
     <technical>
      <string>6</string>
      <fret>1</fret>
     </technical>
    </notations>
   </note>
   <note>
    <pitch>
     <step>E</step>
     <octave>4</octave>
    </pitch>
    <duration>2</duration>
    <voice>5</voice>
    <type>eighth</type>
    <stem>up</stem>
    <staff>2</staff>
    <beam number="1">end</beam>
    <notations>
     <technical>
      <string>1</string>
      <fret>0</fret>
     </technical>
    </notations>
   </note>
   <note>
    <pitch>
     <step>C</step>
     <octave>4</octave>
    </pitch>
    <duration>2</duration>
    <voice>5</voice>
    <type>eighth</type>
    <stem>up</stem>
    <staff>2</staff>
    <beam number="1">begin</beam>
    <notations>
     <technical>
      <string>2</string>
      <fret>1</fret>
     </technical>
    </notations>
   </note>
   <note>
    <chord/>
    <pitch>
     <step>G</step>
     <octave>3</octave>
    </pitch>
    <duration>2</duration>
    <voice>5</voice>
    <type>eighth</type>
    <stem>up</stem>
    <staff>2</staff>
    <beam number="1">begin</beam>
    <notations>
     <technical>
      <string>3</string>
      <fret>0</fret>
     </technical>
    </notations>
   </note>
   <note>
    <chord/>
    <pitch>
     <step>E</step>
     <octave>2</octave>
    </pitch>
    <duration>2</duration>
    <voice>5</voice>
    <type>eighth</type>
    <stem>up</stem>
    <staff>2</staff>
    <beam number="1">begin</beam>
    <notations>
     <technical>
      <string>6</string>
      <fret>0</fret>
     </technical>
    </notations>
   </note>
   <note>
    <pitch>
     <step>A</step>
     <octave>3</octave>
    </pitch>
    <duration>2</duration>
    <voice>5</voice>
    <type>eighth</type>
    <stem>up</stem>
    <staff>2</staff>
    <beam number="1">end</beam>
    <notations>
     <technical>
      <string>3</string>
      <fret>2</fret>
     </technical>
    </notations>
   </note>
   <note>
    <pitch>
     <step>C</step>
     <octave>4</octave>
    </pitch>
    <duration>2</duration>
    <voice>5</voice>
    <type>eighth</type>
    <stem>up</stem>
    <staff>2</staff>
    <beam number="1">begin</beam>
    <notations>
     <technical>
      <string>3</string>
      <fret>5</fret>
     </technical>
    </notations>
   </note>
   <note>
    <chord/>
    <pitch>
     <step>D</step>
     <octave>3</octave>
    </pitch>
    <duration>2</duration>
    <voice>5</voice>
    <type>eighth</type>
    <stem>up</stem>
    <staff>2</staff>
    <beam number="1">begin</beam>
    <notations>
     <technical>
      <string>5</string>
      <fret>5</fret>
     </technical>
    </notations>
   </note>
   <note>
    <pitch>
     <step>F</step>
     <octave>3</octave>
    </pitch>
    <duration>2</duration>
    <voice>5</voice>
    <type>eighth</type>
    <stem>up</stem>
    <staff>2</staff>
    <beam number="1">end</beam>
    <notations>
     <technical>
      <string>4</string>
      <fret>3</fret>
     </technical>
    </notations>
   </note>
   <note>
    <pitch>
     <step>D</step>
     <octave>4</octave>
    </pitch>
    <duration>3</duration>
    <voice>5</voice>
    <type>eighth</type>
    <dot/>
    <stem>up</stem>
    <staff>2</staff>
    <beam number="1">begin</beam>
    <notations>
     <technical>
      <string>2</string>
      <fret>3</fret>
     </technical>
    </notations>
   </note>
   <note>
    <chord/>
    <pitch>
     <step>B</step>
     <octave>3</octave>
    </pitch>
    <duration>3</duration>
    <voice>5</voice>
    <type>eighth</type>
    <dot/>
    <stem>up</stem>
    <staff>2</staff>
    <beam number="1">begin</beam>
    <notations>
     <technical>
      <string>3</string>
      <fret>4</fret>
     </technical>
    </notations>
   </note>
   <note>
    <chord/>
    <pitch>
     <step>G</step>
     <octave>2</octave>
    </pitch>
    <duration>3</duration>
    <voice>5</voice>
    <type>eighth</type>
    <dot/>
    <stem>up</stem>
    <staff>2</staff>
    <beam number="1">begin</beam>
    <notations>
     <technical>
      <string>6</string>
      <fret>3</fret>
     </technical>
    </notations>
   </note>
   <note>
    <pitch>
     <step>C</step>
     <octave>4</octave>
    </pitch>
    <duration>1</duration>
    <tie type="start"/>
    <voice>5</voice>
    <type>16th</type>
    <stem>up</stem>
    <staff>2</staff>
    <beam number="1">end</beam>
    <notations>
     <technical>
      <string>2</string>
      <fret>1</fret>
     </technical>
     <tied type="start"/>
    </notations>
   </note>
  </measure>
  <measure number="8">
   <attributes>
    <divisions>2</divisions>
   </attributes>
   <note>
    <pitch>
     <step>C</step>
     <octave>5</octave>
    </pitch>
    <duration>1</duration>
    <tie type="stop"/>
    <voice>1</voice>
    <type>eighth</type>
    <stem>up</stem>
    <notehead>normal</notehead>
    <staff>1</staff>
    <beam number="1">begin</beam>
    <notations>
     <technical>
<?GP7 <root><string>2</string><fret>1</fret></root>?>
     </technical>
     <tied type="stop"/>
    </notations>
   </note>
   <note>
    <chord/>
    <pitch>
     <step>C</step>
     <octave>4</octave>
    </pitch>
    <duration>1</duration>
    <voice>1</voice>
    <type>eighth</type>
    <stem>up</stem>
    <notehead>normal</notehead>
    <staff>1</staff>
    <beam number="1">begin</beam>
    <notations>
     <technical>
<?GP7 <root><string>5</string><fret>3</fret></root>?>
     </technical>
    </notations>
   </note>
   <note>
    <pitch>
     <step>E</step>
     <octave>4</octave>
    </pitch>
    <duration>1</duration>
    <voice>1</voice>
    <type>eighth</type>
    <stem>up</stem>
    <notehead>normal</notehead>
    <staff>1</staff>
    <beam number="1">end</beam>
    <notations>
     <technical>
<?GP7 <root><string>4</string><fret>2</fret></root>?>
     </technical>
    </notations>
   </note>
   <note>
    <pitch>
     <step>G</step>
     <octave>4</octave>
    </pitch>
    <duration>1</duration>
    <voice>1</voice>
    <type>eighth</type>
    <stem>down</stem>
    <notehead>normal</notehead>
    <staff>1</staff>
    <beam number="1">begin</beam>
    <notations>
     <technical>
<?GP7 <root><string>3</string><fret>0</fret></root>?>
     </technical>
    </notations>
   </note>
   <note>
    <pitch>
     <step>F</step>
     <octave>5</octave>
    </pitch>
    <duration>1</duration>
    <voice>1</voice>
    <type>eighth</type>
    <stem>down</stem>
    <notehead>normal</notehead>
    <staff>1</staff>
    <beam number="1">end</beam>
    <notations>
     <technical>
<?GP7 <root><string>1</string><fret>1</fret></root>?>
     </technical>
    </notations>
   </note>
   <note>
    <pitch>
     <step>E</step>
     <octave>5</octave>
    </pitch>
    <duration>4</duration>
    <voice>1</voice>
    <type>half</type>
    <stem>down</stem>
    <notehead>normal</notehead>
    <staff>1</staff>
    <notations>
     <technical>
<?GP7 <root><string>1</string><fret>0</fret></root>?>
     </technical>
    </notations>
   </note>
   <backup>
    <duration>8</duration>
   </backup>
   <note>
    <pitch>
     <step>C</step>
     <octave>4</octave>
    </pitch>
    <duration>1</duration>
    <tie type="stop"/>
    <voice>5</voice>
    <type>eighth</type>
    <stem>up</stem>
    <staff>2</staff>
    <beam number="1">begin</beam>
    <notations>
     <technical>
      <string>2</string>
      <fret>1</fret>
     </technical>
     <tied type="stop"/>
    </notations>
   </note>
   <note>
    <chord/>
    <pitch>
     <step>C</step>
     <octave>3</octave>
    </pitch>
    <duration>1</duration>
    <voice>5</voice>
    <type>eighth</type>
    <stem>up</stem>
    <staff>2</staff>
    <beam number="1">begin</beam>
    <notations>
     <technical>
      <string>5</string>
      <fret>3</fret>
     </technical>
    </notations>
   </note>
   <note>
    <pitch>
     <step>E</step>
     <octave>3</octave>
    </pitch>
    <duration>1</duration>
    <voice>5</voice>
    <type>eighth</type>
    <stem>up</stem>
    <staff>2</staff>
    <beam number="1">end</beam>
    <notations>
     <technical>
      <string>4</string>
      <fret>2</fret>
     </technical>
    </notations>
   </note>
   <note>
    <pitch>
     <step>G</step>
     <octave>3</octave>
    </pitch>
    <duration>1</duration>
    <voice>5</voice>
    <type>eighth</type>
    <stem>down</stem>
    <staff>2</staff>
    <beam number="1">begin</beam>
    <notations>
     <technical>
      <string>3</string>
      <fret>0</fret>
     </technical>
    </notations>
   </note>
   <note>
    <pitch>
     <step>F</step>
     <octave>4</octave>
    </pitch>
    <duration>1</duration>
    <voice>5</voice>
    <type>eighth</type>
    <stem>down</stem>
    <staff>2</staff>
    <beam number="1">end</beam>
    <notations>
     <technical>
      <string>1</string>
      <fret>1</fret>
     </technical>
    </notations>
   </note>
   <note>
    <pitch>
     <step>E</step>
     <octave>4</octave>
    </pitch>
    <duration>4</duration>
    <voice>5</voice>
    <type>half</type>
    <stem>down</stem>
    <staff>2</staff>
    <notations>
     <technical>
      <string>1</string>
      <fret>0</fret>
     </technical>
    </notations>
   </note>
  </measure>
 </part>
</score-partwise>
